{
  "posts": [
    {
      "id": "1",
      "title": "How to use sticky note for problem solving",
      "src": "https://images.unsplash.com/photo-1515378960530-7c0da6231fb1?ixlib=rb-1.2.1&ixid=MnwxMjA3fDB8MHxwaG90by1wYWdlfHx8fGVufDB8fHx8&auto=format&fit=crop&w=1470&q=80",
      "date": "20 October 2019",
      "rating": 1
    },
    {
      "id": "2",
      "title": "How to use sticky note for problem solving",
      "src": "https://images.unsplash.com/photo-1497032628192-86f99bcd76bc?ixlib=rb-1.2.1&ixid=MnwxMjA3fDB8MHxwaG90by1wYWdlfHx8fGVufDB8fHx8&auto=format&fit=crop&w=1470&q=80",
      "date": "20 October 2019",
      "rating": 4
    },
    {
      "id": "3",
      "title": "Morning routine to boost your mood",
      "src": "https://images.unsplash.com/photo-1544654803-b69140b285a1?ixlib=rb-1.2.1&ixid=MnwxMjA3fDB8MHxwaG90by1wYWdlfHx8fGVufDB8fHx8&auto=format&fit=crop&w=1470&q=80",
      "date": "25 November 2020",
      "rating": 2
    },
    {
      "id": "4",
      "title": "All the features you want to know",
      "src": "https://images.unsplash.com/photo-1530099486328-e021101a494a?ixlib=rb-1.2.1&ixid=MnwxMjA3fDB8MHxwaG90by1wYWdlfHx8fGVufDB8fHx8&auto=format&fit=crop&w=1547&q=80",
      "date": "30 September 2020",
      "rating": 5
    },
    {
      "id": "5",
      "title": "Minimal workspace for your inspirations",
      "src": "https://images.unsplash.com/photo-1521737604893-d14cc237f11d?ixlib=rb-1.2.1&ixid=MnwxMjA3fDB8MHxwaG90by1wYWdlfHx8fGVufDB8fHx8&auto=format&fit=crop&w=1484&q=80",
      "date": "13 October 2019",
      "rating": 3
    },
    {
      "id": "6",
      "title": "What do you want to know about Blockchain",
      "src": "https://images.unsplash.com/photo-1624996379697-f01d168b1a52?ixlib=rb-1.2.1&ixid=MnwxMjA3fDB8MHxwaG90by1wYWdlfHx8fGVufDB8fHx8&auto=format&fit=crop&w=1470&q=80",
      "date": "20 October 2019",
      "rating": 1
    }
  ],
  "comments": [
    {
      "id": "1",
      "text": "a comment about post 1",
      "postId": "1"
    },
    {
      "id": "2",
      "text": "another comment about post 1",
      "postId": "1"
    }
  ],
  "profile": {
    "name": "typicode"
  }
}